Зона,ID,Ур.,Режим,Плотность,Пати,Мобы
"Территория Операторов",operators_yard,1-5,solo,low,1,"Скраппер (1-5); Сбежавший Болт (1-3); Мишень-бунтарь (1-4); Ржавый Клещ (2-5)"
"Школа Инженеров",engineers_school,1-5,solo,low,1,"Скраппер (1-5); Сбежавший Болт (1-3); Ржавый Клещ (2-5); Искровой Спрайт (3-5)"
"Холмы Астарда",astard_hills,5-12,solo,medium,1,"Скраппер (1-5); Искровой Спрайт (3-5); Паровая Гончая (5-10); Бешеная Газонокосилка (6-10); Геодезический Маяк (7-11); Холмовой Трамбовщик (9-12); Босс-Бур (18-22)"
"Междуречье",riverspan,7-9,solo,medium,1,"Геодезический Маяк (7-11); Буйный Насос (7-9); Сборщик Пошлины (8-9)"
"Свалка",scrapyard,8-10,solo,high,1,"Паровая Гончая (5-10); Сорока-Магнит (8-10); Разборщик Лома (8-10); Дрон-Сварщик (10-16)"
"Западные земли",western_lands,8-12,solo,medium,1,"Паровая Гончая (5-10); Сварочный Автомат (8-15); Холмовой Трамбовщик (9-12); Дрон-Сварщик (10-16); Ржавый Часовой (10-13); Босс-Бур (18-22)"
"Затерянные Сады",lost_gardens,11-12,solo,low,1,"Поливная Турель (11-12); Плющ-Кабель (11-12)"
"Пасека",apiary,11-12,solo,medium,1,"Мех-Пчела (11-12)"
"Дворы Круны",cruna_yards,12-13,solo,medium,1,"Сварочный Автомат (8-15); Дрон-Сварщик (10-16); Ржавый Часовой (10-13); Дрон-Ремонтник (12-18); Горн-Подмастерье (12-13); Кран-Малыш (12-13); Надзиратель Круны (22-26)"
"Тихая заводь",quiet_backwater,13-15,solo,medium,1,"Дрон-Сварщик (10-16); Дрон-Ремонтник (12-18); Кран-Малыш (12-13); Кран-Паук (12-19); Смотритель Ржавый Коготь (12-14); Доковый Сварщик (13-15); Элита Искросварка (14-16); Автономный Пресс-Молот (20-25)"
"Поле забвения",field_of_oblivion,12-17,party,high,3-5,"Сварочный Автомат (8-15); Кран-Паук (12-19); Ходок Забвения (13-16); Стиратель Памяти (14-17); Полевая Гаубица (15-17); Босс-Бур (18-22)"
"Восточный полигон",eastern_range,15-17,solo,medium,1,"Живая Мишень (15-17); Споттер Полигона (15-16); Полевая Гаубица (15-17)"
"Руины химзавода",chem_ruins,16-17,party,high,3-5,"Кислотный Разбрызгиватель (16-17); Дрон Зелёного Сбоя (16-18); Аварийный Контейнер (17-17); Зелёный Паро-Призрак (18-21); Протокол «Зелёный» (28-32)"
"Бараки Рездика",rezdiq_barracks,17-18,party,high,4-6,"Рядовой Рездика (17-18); Дрель-Сержант (17-18); Повреждатель Логики (22-26); Полковник Рездик-VII (24-28)"
"Крепость стального предела",steel_limit_fort,17-18,party,high,4-6,"Страж Предела (17-18); Крепостная Турель (17-18); Каратель Предела (17-19); Стальной Колосс Предела (30-35)"
"Котловые земли",boiler_lands,18-22,party,high,5-7,"Кран-Паук (12-19); Кислотный Разбрызгиватель (16-17); Дрон Зелёного Сбоя (16-18); Котловой Элементаль (18-21); Зелёный Паро-Призрак (18-21); Бес Давления (19-22); Перегретый Страж Котла (19-22)"
"Утёс Стали",steel_cliff,20-28,dungeon,instanced,5-9,"Дрон-Ремонтник (12-18); Смотритель Ржавый Коготь (12-14); Элита Искросварка (14-16); Повреждатель Логики (22-26); Клеймёный Смотритель (27-30); Брендованный Котёл (30-33)"
"Башня Круны",cruna_tower,28-36,dungeon,instanced,5-9,"Надзиратель Круны (22-26); Диспетчер Башни (32-35); Ядро Башни Круны (36-38)"
"Бункер",bunker_gate,34-40,dungeon,instanced,7-12,"Дрон Зелёного Сбоя (16-18); Протокол «Зелёный» (28-32); Узел Коллектива (36-39); Коллективный Разум (40-40)"