Моб,ID,Ур.,Роль,Режим,Filler,Зоны,HP(mid),P.Atk,P.Def,C.Atk,C.Def,EXP,Пати,Скиллы,Аналог L2,Флейвор
"Мишень-бунтарь",tutorial_target,1-4,solo_passive,solo,,"operators_yard",83,7,57,6,53,57,1,"bite_clamp","Training Dummy (alive)","Стояла смирно 40 лет. Потом прочитала манифест «права мишеней» и пошла мстить инструкторам."
"Сбежавший Болт",loose_bolt,1-3,solo_passive,solo,,"operators_yard|engineers_school",58,7,50,6,53,40,1,"bite_clamp","Fox (weak)","Кто-то не затянул. Теперь у болта есть мечты, амбиции и 12 HP."
"Скраппер",scrapper,1-5,solo_passive,solo,,"operators_yard|engineers_school|astard_hills",114,14,53,7,56,81,1,"bite_clamp","Keltir","Паукообразный сборщик мусора. Инструкция: «не кусать людей». Прошивка 0.1: «кусать медь». Кусает всё."
"Ржавый Клещ",rust_mite,2-5,solo_passive,solo,,"operators_yard|engineers_school",126,15,53,7,56,81,1,"bite_clamp,oil_slick","Elder Keltir","Думал, что он «антикоррозийный датчик». Коррозия победила. Теперь он — её агент."
"Искровой Спрайт",spark_sprite,3-5,solo_passive,solo,,"engineers_school|astard_hills",116,12,56,11,57,106,1,"spark_shot,static_burst","Imp (weak magic)","Утечка с лабораторного стола. Питается статикой и плохими заземлениями."
"Паровая Гончая",steam_hound,5-10,pack,solo,,"astard_hills|scrapyard|western_lands",338,40,67,18,64,253,1,"bite_clamp,pack_howl,steam_jet","Wolf / Elder Wolf","Разведчик на колёсах. Гавкает свистком котла. В стае — как абонемент в травмпункт."
"Бешеная Газонокосилка",meadow_mower,6-10,solo_aggro,solo,,"astard_hills",507,58,74,23,71,367,1,"bite_clamp,oil_slick","Orc (low)","Её программа: «стричь траву». После бага: «стричь всё, что зелёное или шевелится»."
"Буйный Насос",rivulet_pump,7-9,solo_norm,solo,,"riverspan",470,46,73,22,71,340,1,"steam_jet,bite_clamp","water elemental (low tech)","Качает воду против течения и здравого смысла. Брызги — не баф."
"Геодезический Маяк",survey_beacon,7-11,solo_norm,solo,,"astard_hills|riverspan",555,44,77,28,73,405,1,"spark_shot,target_lock","ranged scout","Когда-то мерил углы. Теперь мерит вашу боль в радианах."
"Разборщик Лома",scrap_picker,8-10,solo_norm,solo,,"scrapyard",555,52,77,24,73,405,1,"bite_clamp,self_repair","scavenger orc","Сортирует мусор на «съедобный» и «ещё более съедобный». Вы — вторая категория."
"Сборщик Пошлины",bridge_toll_bot,8-9,solo_aggro,solo,,"riverspan",507,55,74,23,71,367,1,"bite_clamp,magnet_pull,firmware_rant","bandit","«Оплата моста: 5 медных деталей или 1 жизнь». Чек не выдаёт. Сдачу — тоже."
"Сварочный Автомат",welding_automaton,8-15,solo_aggro,solo,yes,"western_lands|cruna_yards|field_of_oblivion",996,72,92,30,78,643,1,"weld_arc,bite_clamp,overclock","Orc / Orc Warrior","Маска сварщика — навсегда. Сварной шов на вашей броне — тоже, если не увернётесь."
"Сорока-Магнит",junk_magpie,8-10,solo_norm,solo,,"scrapyard",555,49,77,24,73,405,1,"magnet_pull,bite_clamp,oil_slick","thief-type","Крадёт блестящее. Ваш меч блестит. Совпадения? Не думаем."
"Холмовой Трамбовщик",hill_presser,9-12,solo_aggro,solo,,"astard_hills|western_lands",829,70,82,28,76,507,1,"bite_clamp,press_slam","Werewolf (low)","Укатывал дороги. Дороги кончились. Остались вы."
"Дрон-Сварщик",welding_drone,10-16,solo_aggro,solo,,"scrapyard|western_lands|quiet_backwater|cruna_yards",1094,90,92,42,84,915,1,"spark_shot,weld_arc,static_burst","flying ranged","Летает, искрит, жалуется на «низкий заряд» при 99% батареи. Как коллега."
"Ржавый Часовой",rust_sentry,10-13,solo_norm,solo,,"western_lands|cruna_yards",922,66,100,29,78,596,1,"bite_clamp,target_lock","sentry golem (low)","«Стой, кто идёт!» — единственная фраза. На «свой» отвечает ударом. На «чужой» — тоже."
"Мех-Пчела",apiary_drone_bee,11-12,pack,solo,,"apiary",705,67,80,27,74,548,1,"bite_clamp,hive_call,spark_shot","Stinger / bee pack","Жужжит в фа-диез. Улей слушает. Вы — нет, вы уже в агрo."
"Плющ-Кабель",vine_cable,11-12,solo_norm,solo,,"lost_gardens",802,66,84,29,78,596,1,"magnet_pull,static_burst,bite_clamp","entangle plant","Бионика, которая перепутала USB и корни. Подключение болезненное."
"Поливная Турель",garden_sprinkler,11-12,solo_norm,solo,,"lost_gardens",802,66,84,29,78,596,1,"steam_jet,acid_spray","plant-like","Поливает розы в 06:00. Вас — круглосуточно. Удобрения: свинец."
"Горн-Подмастерье",forge_apprentice,12-13,solo_aggro,solo,,"cruna_yards",1041,81,89,33,81,779,1,"weld_arc,press_slam,overclock","dwarf apprentice gone mad","Клеймит «качество Круны» на лбах. Без вашего согласия и с вашим HP."
"Дрон-Ремонтник",repair_drone,12-18,elite,solo,,"quiet_backwater|cruna_yards|steel_cliff",3190,125,110,49,99,2640,1,"self_repair,spark_shot,protocol_glitch","rare healer mob","Чинит союзников и ломает вас. Гиппократ бы подал в суд."
"Кран-Малыш",yard_cranelet,12-13,solo_norm,solo,,"cruna_yards|quiet_backwater",1108,74,88,32,81,722,1,"magnet_pull,bite_clamp","small crane golem","Грузоподъёмность: 2 тонны. Чувство такта: 0. Поднимает вас без спроса."
"Кран-Паук",steam_crane_spider,12-19,solo_aggro,solo,yes,"quiet_backwater|field_of_oblivion|boiler_lands",1879,118,100,43,90,1188,1,"magnet_pull,press_slam,bite_clamp","spider / crusher","Восемь ног, один крюк, ноль профсоюзов. Лозунг: «поднять и уронить»."
"Смотритель Ржавый Коготь",rustclaw_overseer,12-14,named,solo,,"quiet_backwater|steel_cliff",8445,116,111,47,99,6784,5,"weld_arc,press_slam,overclock,summon_drones","named overseer","Ведёт учёт ржавчины. Ваш труп — строка в журнале «списано»."
"Доковый Сварщик",dry_dock_welder,13-15,solo_aggro,solo,,"quiet_backwater",1391,99,96,39,87,1051,1,"weld_arc,steam_jet,oil_slick","dock worker mob","Варит корпуса кораблей. Кораблей нет. Варит вас — «чтобы не ржавели»."
"Ходок Забвения",oblivion_walker,13-16,party,party,,"field_of_oblivion",1996,100,102,41,92,1509,4,"bite_clamp,pack_howl,pressure_nova","party field walker","Забыл, кого охраняет. Помнит, кого бить. Спойлер: вас."
"Стиратель Памяти",memory_scrubber,14-17,party,party,,"field_of_oblivion",2247,109,106,45,95,1705,4,"protocol_glitch,firmware_rant,spark_shot","debuff party mob","Форматирует HDD мозга. Бэкап не предлагать — USB-портов нет."
"Элита Искросварка",sparkweld_elite,14-16,named,solo,,"quiet_backwater|steel_cliff",10875,139,120,55,106,8800,5,"spark_shot,weld_arc,static_burst,target_lock","named elite flyer","Сертификат ISO: «убийственно качественная искра»."
"Живая Мишень",rogue_target,15-17,solo_aggro,solo,,"eastern_range",1857,118,104,45,92,1425,1,"spark_shot,target_lock,drill_charge","counter-attack dummy","Полигон закрыт ночью «из-за тумана». Туман — это она, и она отвечает огнём."
"Полевая Гаубица",field_howitzer,15-17,party_elite,party,,"field_of_oblivion|eastern_range",4472,142,120,53,104,3695,5,"press_slam,drill_charge,target_lock","elite artillery","«Точность — вежливость королей». Она — не король. И не вежлива."
"Споттер Полигона",range_spotter,15-16,solo_norm,solo,,"eastern_range",1450,98,99,41,90,1100,1,"target_lock,spark_shot,protocol_glitch","observer / buffer enemy","Корректирует огонь. Ваш огонь — «неэффективен». Его — «в яблочко»."
"Дрон Зелёного Сбоя",green_fault_drone,16-18,party,party,,"chem_ruins|boiler_lands|bunker_gate",3084,132,114,50,100,2387,4,"green_pulse,hive_call,spark_shot","corrupted drone pack","Протокол защиты: «защищать». От кого — файл повреждён. Значит, от всех."
"Кислотный Разбрызгиватель",acid_sprayer,16-17,party,party,,"chem_ruins|boiler_lands",2666,120,110,47,97,2046,4,"acid_spray,steam_jet,green_pulse","toxic ant / acid","Знак «не вдыхать» стёрт кислотой. Инструкция выполнена идеально."
"Аварийный Контейнер",spill_containment,17-17,party_elite,party,,"chem_ruins",5950,155,137,57,108,4312,5,"acid_spray,pressure_nova,self_repair,summon_drones","elite toxic","«Герметичен». Герметик сбежал. Содержимое — на свободе и в плохом настроении."
"Дрель-Сержант",drill_sergeant,17-18,party_elite,party,,"rezdiq_barracks",5174,155,125,57,108,4312,5,"drill_charge,pack_howl,overclock,press_slam","Orc Officer","Кричит: «Отжимания — 50!» Бурит: «Отжимания — в земле»."
"Каратель Предела",fort_enforcer,17-19,party_elite,party,,"steel_limit_fort",6169,183,142,61,110,4928,5,"press_slam,target_lock,overclock,spark_shot","fortress elite / champion","Печать «НЕ ПРОХОДИТЬ» на корпусе. Проходит — только он, через вас."
"Крепостная Турель",fort_turret,17-18,party,party,,"steel_limit_fort",3701,165,148,50,100,2387,4,"spark_shot,target_lock,pressure_nova","siege turret","Стационарная? Почти. «Почти» — когда уже поздно бежать."
"Рядовой Рездика",rezdiq_private,17-18,party,party,,"rezdiq_barracks",3084,132,114,50,100,2387,5,"bite_clamp,drill_charge,pack_howl","Orc Trooper","Не снимает шлем. Не снимает прицел. Не снимает агро, пока вы живы."
"Страж Предела",limit_guard,17-18,party,party,,"steel_limit_fort",3392,132,137,50,100,2387,5,"bite_clamp,press_slam,target_lock","fortress guard","Надпись на щите: «Дальше — не наша песнь». Он всё равно идёт дальше — за вами."
"Босс-Бур",drill_worm,18-22,field_rb,party,,"astard_hills|field_of_oblivion|western_lands",50400,255,159,85,133,35200,7,"drill_charge,pressure_nova,steam_jet,summon_drones","World event boss","Прорыв трубы = его выход на бис. Бурит землю, правила и ваш план фарма."
"Зелёный Паро-Призрак",green_steam_wraith,18-21,party,party,,"boiler_lands|chem_ruins",3921,155,123,57,106,3069,5,"green_pulse,protocol_glitch,steam_jet","wraith (tech)","Пар + порча = «не дыши, не стой, не думай». Он уже подумал за тебя — плохо."
"Котловой Элементаль",boiler_elemental,18-21,party,party,,"boiler_lands",3921,155,123,57,106,3069,5,"steam_jet,pressure_nova,overclock","fire elemental (steam)","Не огонь — пар под давлением 40 атмосфер. Горячее, злее, с манометром вместо лица."
"Бес Давления",pressure_fiend,19-22,party,party,,"boiler_lands",4340,168,127,60,109,3410,5,"pressure_nova,static_burst,drill_charge","fiend / high field","Манометр в красной зоне — его улыбка. Предохранитель сорван вместе с совестью."
"Перегретый Страж Котла",boiler_overpress,19-22,party_elite,party,,"boiler_lands",7862,207,139,75,117,6160,5,"pressure_nova,steam_jet,overclock,summon_drones","boiler champion","Предохранитель — декорация. Давление — закон. Вы — временный клапан."
"Автономный Пресс-Молот",press_hammer,20-25,field_rb,party,,"quiet_backwater",65520,299,170,94,140,46720,9,"press_slam,summon_drones,pressure_nova,overclock,steam_jet","Field Raid Boss (low)","Многотонный пресс с лицензией на самоуправление. «Выравнивает» рельеф и пати."
"Надзиратель Круны",cruna_overseer,22-26,field_rb,party,,"cruna_yards|cruna_tower",80640,343,180,103,148,58240,12,"weld_arc,press_slam,summon_drones,pressure_nova,overclock","Cruma field RB","Считает брак. Вы — партия брака. Утилизация: на месте."
"Повреждатель Логики",logic_corruptor,22-26,named,solo,,"rezdiq_barracks|steel_cliff",33600,286,163,90,134,29120,5,"protocol_glitch,firmware_rant,pressure_nova,green_pulse","named corrupter","if (player.alive) { player.alive = false; } // TODO: ethics"
"Полковник Рездик-VII",rezdiq_colonel,24-28,field_rb,party,,"rezdiq_barracks",99360,392,191,113,154,72960,12,"drill_charge,pack_howl,press_slam,overclock,summon_drones","Orc King-ish field","Седьмой носитель шлема. Шесть предыдущих — на Памятнике. Седьмой хочет, чтобы вы составили компанию."
"Клеймёный Смотритель",branded_warden,27-30,named,solo,,"steel_cliff",50700,373,183,106,146,45440,5,"press_slam,summon_drones,overclock,weld_arc","dungeon named","Клеймо Круны на корпусе. На вашей броне — тоже, если подставитесь."
"Протокол «Зелёный»",green_protocol,28-32,raid,party,,"chem_ruins|bunker_gate",320000,575,233,153,184,217600,18,"green_pulse,acid_spray,protocol_glitch,summon_drones,directive_rewrite,pressure_nova","Raid Boss (toxic)","Защитный протокол, который решил, что жизнь — угроза. Логично. Ужасно. Зелёно."
"Брендованный Котёл",branded_boiler,30-33,field_rb,party,,"steel_cliff",160200,533,218,136,171,122240,9,"steam_jet,pressure_nova,summon_drones,overclock,press_slam","dungeon boss","Главный котёл Утёса. Песнь Стали здесь — тяжёлый метал (буквально)."
"Стальной Колосс Предела",steel_colossus,30-35,raid,party,,"steel_limit_fort",392000,649,245,163,191,271360,24,"colossus_stomp,press_slam,target_lock,summon_drones,pressure_nova,overclock","Raid Boss (fortress)","Последний довод Крепости. Когда колокол молчит — говорит он. Громко. Ногами."
"Диспетчер Башни",tower_dispatcher,32-35,named,solo,,"cruna_tower",80250,499,207,126,162,74560,5,"spark_shot,pressure_nova,protocol_glitch,target_lock","Cruma mid named","«Этаж 7, лифт не работает, используйте лестницу боли»."
"Узел Коллектива",directive_node,36-39,named,solo,,"bunker_gate",112650,619,228,143,175,108800,5,"directive_rewrite,green_pulse,pressure_nova,summon_drones","end-game node","Один узел — ещё терпимо. Два — уже «мы»."
"Ядро Башни Круны",cruma_core,36-38,raid,party,,"cruna_tower",600800,850,276,190,211,435200,18,"pressure_nova,weld_arc,summon_drones,colossus_stomp,overclock,steam_jet","Cruma core","Сердце башни. Бьётся в герцах, злится в килотоннах."
"Коллективный Разум",directive_overmind,40-40,raid,party,,"bunker_gate",752000,984,296,208,224,560000,27,"directive_rewrite,green_pulse,pressure_nova,summon_drones,protocol_glitch,colossus_stomp,overclock,acid_spray","End-game Raid Boss","Мы — легион из одного ядра. Ваши билды учтены. Ваши шансы — тоже. Оба числа малы."